{"cameraMode":{"drawMode":0,"name":"Shaded","section":"Shading Mode"},"sceneLighting":true,"audioPlay":false,"sceneViewState":{"showFog":true,"showMaterialUpdate":false,"showSkybox":true,"showFlares":true,"showImageEffects":true,"showParticleSystems":true},"in2DMode":false,"pivot":{"x":7.674576282501221,"y":7.705624103546143,"z":4.719071388244629},"rotation":{"x":0.5897185802459717,"y":-0.40526801347732546,"z":-0.44280579686164858,"w":-0.5404761433601379},"size":1.3982934951782227,"orthographic":false}