{"cameraMode":{"drawMode":0,"name":"Shaded","section":"Shading Mode"},"sceneLighting":false,"audioPlay":false,"sceneViewState":{"showFog":true,"showMaterialUpdate":false,"showSkybox":false,"showFlares":true,"showImageEffects":true,"showParticleSystems":true},"in2DMode":false,"pivot":{"x":-0.17776568233966828,"y":-0.013487856835126877,"z":0.028074830770492555},"rotation":{"x":0.02429482899606228,"y":-0.03149447590112686,"z":0.000808284617960453,"w":0.999271035194397},"size":0.20445048809051515,"orthographic":false}